{
    "$schema": "../../scripts/types/tiles.schema.json",
    "generateChances": {
        "Water": {
            "end": 0.8,
            "image": "tiles/images/water.png",
            "speeds": {
            	"Land" : 1,
            	"Water" : 5
            }
        },
        "Sand": {
            "end": 1.0 ,
            "image": "tiles/images/sand.png",
            "speeds": {
            	"Land" : 3,
            	"Water" : 3
            }
        },
        "Grass": {
            "end": 1.3,
            "image": "tiles/images/grass.png",
            "speeds": {
            	"Land" : 4,
            	"Water" : 3
            }
        },
        "Stone": {
            "end": 3,
            "image": "tiles/images/stone.png",
            "speeds": {
            	"Land" : 5,
            	"Water" : 1
            }
        }
    }
}
