{
    "$schema": "../../scripts/types/tiles.schema.json",
    "generateChances": {
        "Water": {
            "start": -2,
            "end": 0.8,
            "image": "tiles/images/water.png"
        },
        "Sand": {
            "start": 0.8,
            "end": 1.0 ,
            "image": "tiles/images/sand.png"
        },
        "Grass": {
            "start": 1.0,
            "end": 1.3,
            "image": "tiles/images/grass.png"
        },
        "Stone": {
            "start": 1.3,
            "end": 3,
            "image": "tiles/images/stone.png"
        }
    }
}
