{
    "$schema": "../../../scripts/types/conf.schema.json",
    "kind" : "Land",
    "name" : "Human",
    "speeds": {
        "Sand": 5,
        "Water": 15,
        "Grass": 1,
        "Stone": 15
    },
    "possibleNames" : [
        "Tyler",
        "Lumaceon",
        "Lisy"
    ],
    "images" : [
        "species/human/images/barbarian_idle_01.png",
        "species/human/images/barbarian_idle_02.png",
        "species/human/images/barbarian_idle_03.png",
        "species/human/images/barbarian_idle_04.png"
    ]
}
