{
    "$schema": "../../../scripts/types/conf.schema.json",
    "name" : "Merfolk",
    "speeds": {
        "Sand": 4,
        "Water": 1,
        "Grass": 4,
        "Stone": 15
    },
    "possibleNames" : [
        "Rin",
        "Mina",
        "Minali",
        "Rónán"
    ],
    "images" : [
        "species/merfolk/images/lizard_idle_01.png",
        "species/merfolk/images/lizard_idle_02.png",
        "species/merfolk/images/lizard_idle_03.png",
        "species/merfolk/images/lizard_idle_04.png"
    ]
}
